,y_expr,y_pred
3LB6_A_PHE103ALA,5.12,2.2281482
4G0N_A_ARG41ALA,-0.34,0.7791866
1GUA_B_VAL14ALA,0.1,1.0306988
4L0P_A_GLU27LYS,2.66,1.8236856
3F1S_A_ASP36ALA,2.18,0.8227965
3BX1_C_THR88VAL,2.84,2.8647902
5K39_B_SER115ALA,0.45,-0.2072714
1C1Y_B_LYS30GLU,2.23,1.8746613
1FFW_A_ALA102VAL,1.36,0.7813946
4G0N_A_SER39ALA,0.29,0.84075433
1JTD_B_PHE36ALA,2.55,0.14538363
2DVW_B_LYS62GLU,0.21,0.46699315
5F4E_A_ARG139GLU,2.14,0.046778124
4O27_A_LYS88ALA,1.02,-0.081874296
1JTD_B_ASN74ALA,1.21,-0.3619523
2G2U_A_ASP79GLU,-4.38,-0.9468759
4YFD_B_ASP7ALA,-0.05,-0.15820695
1JTG_A_GLU143GLY,-0.17,0.2096713
3QHY_B_ASN10ALA,2.25,0.27824104
1K8R_A_ARG41ALA,1.18,1.3813927
3S9D_B_ASN85ALA,-0.17,0.8006797
3QHY_B_THR17ALA,0.06,-0.1414328
3S9D_B_THR64ALA,0.26,0.31745335
3BX1_C_TYR87ALA,1.3,0.9638287
1BP3_A_LYS168ALA,2.61,2.1878815
1GUA_B_LYS32ALA,0.8,0.7891643
5CXB_B_GLU49ASP,0.36,0.8336975
3QHY_B_LEU51ALA,0.82,0.012673594
5F4E_B_GLU26LYS,2.29,1.3421533
3BT1_U_ARG53ALA,0.89,0.19437343
3BT1_U_ARG25ALA,1.02,0.04671406
3BT1_U_LYS50ALA,0.64,0.42297676
3S9D_B_ASP40ALA,0,0.280538
4RS1_A_ASP92LYS,3.62,1.1390095
1K8R_A_ASP38ALA,1.71,1.453128
1JTD_B_SER131ALA,0.15,-0.25476724
4G0N_B_VAL35ALA,-0.01,1.0888213
5K39_B_ILE148ALA,2.05,0.14481747
3KUD_B_LYS30ALA,1.95,0.5241827
4Y61_A_TYR246ALA,-0.08,0.7356508
3BT1_U_LEU31ALA,0.31,0.21718112
3S9D_A_PHE20ALA,0.71,-0.11892
1JTG_B_LYS74ALA,3.62,3.168005
3S9D_B_GLU39ALA,0.21,-0.19930606
4G2V_A_ARG198GLU,2.24,1.6049725
3F1S_A_LYS201CYS,-1.69,0.24824102
5TAR_B_GLU86ALA,1.13,1.8170786
5K39_B_MET108ALA,-0.48,-1.0733187
1JTG_B_TYR51ALA,0.81,0.4508603
1E50_B_ARG32ALA,1.77,1.6519957
4OFY_A_GLN34ALA,1.18,1.5018097
4RS1_A_GLN79ALA,0.47,0.85214484
3MZG_B_HIS188ALA,1.78,0.7244557
3QHY_B_TYR208ALA,0.24,-0.67934537
4O27_B_GLU122ALA,0.3,-1.1454319
1GUA_B_THR13ALA,0.7,0.8721353
3BT1_U_HIS249ALA,0.28,-0.57229406
3S9D_A_LEU23VAL,2.44,2.0818915
2DVW_B_ARG7ALA,0.69,0.55327284
1E50_B_SER64ALA,0.11,0.7315425
3BT1_U_GLU228ALA,0.18,-0.5270493
1JTD_B_TYR153ALA,3.3,0.040596392
1BP3_A_ARG163ALA,3.02,2.2655833
1GUA_B_LYS29ALA,2,2.1596212
3S9D_A_LEU124ALA,1.45,0.70967996
5F4E_A_HIS136ALA,2.02,0.5291833
2KSO_B_HIS20GLU,-0.16,-0.09055048
3BT1_U_GLU36ALA,0.09,-0.5099616
3N06_A_ALA14HIS,0.02,0.2765461
2AW2_B_VAL35ALA,1.1,0.9391589
4RS1_B_SER205ALA,0.62,0.6274786
1JTG_A_MET244ALA,-0.05,0.61766326
3QHY_B_PHE169ALA,2.06,-0.38755855
3BX1_C_PHE84VAL,0.41,0.35995525
3LB6_A_LYS100ALA,5.81,4.5361753
3BT1_U_THR64ALA,0.66,-0.16301732
3WWN_A_LYS225GLU,0.16,1.8271286
4G0N_B_LYS12MET,1.32,1.0034261
1GUA_B_VAL33ALA,0.2,1.2981399
4RS1_B_LYS174ALA,0.87,-0.63669336
2WPT_B_SER77ALA,-0.09,0.46031308
1LFD_B_TYR40PHE,2.11,0.63352346
3SF4_D_GLU19ARG,1.93,2.3147316
1K8R_B_ARG13ALA,2.8,0.45112833
1A22_A_ARG167ASN,1.27,0.2779519
4BFI_B_LEU91ALA,1.31,-0.07564062
3NVN_A_ARG193GLU,2.49,-0.51738054
3S9D_A_MET9ALA,0.06,0.7394243
1LFD_B_ASP33ALA,1.1,1.0152465
1K8R_A_TYR40CYS,3.44,1.6773297
3QHY_B_TYR33ALA,2.9,0.5665093
4BFI_B_ASN43ALA,2.32,-0.06513088
4RS1_A_ASN89LYS,0.91,0.31805286
3S9D_A_SER123ALA,1.12,0.74314904
3BT1_U_SER255ALA,0.21,-0.57788783
1JTD_B_TYR170ALA,2.03,-0.40836757
3QHY_B_TRP13ALA,2.86,0.26379174
1A22_A_ARG64LYS,-0.31,0.5465826
3EG5_A_HIS104PHE,-2.08,0.50446606
5M2O_B_LEU65ALA,0.85,0.49597108
1JTD_A_PRO81ALA,1.73,1.58821
4FZA_A_TYR213ALA,1.27,1.2252954
3BT1_U_THR46ALA,0.46,0.006290503
3BT1_U_GLU68ALA,0.05,-0.17922233
3QHY_B_ASP12ALA,2.25,0.4884976
1JTD_B_ASP168ALA,-1.06,-0.42718685
1K8R_A_TYR40PHE,1.49,0.7680136
5M2O_A_ASN64ALA,0.04,0.24125983
4G0N_B_LYS12GLU,1.92,0.88287103
1BP3_A_ARG179ALA,0.57,1.2175394
1JTG_A_GLU213LYS,-0.41,-0.22697704
4RS1_A_ASP28LYS,3.62,3.1423068
4O27_A_TYR215ALA,1.19,1.7128224
4RS1_A_LEU95ALA,2.36,0.79930234
4G0N_A_GLU37ALA,1.74,1.1738349
1A22_A_ARG167LYS,0.95,0.463334
3QHY_B_PHE190ALA,3.07,0.37400013
1JTG_A_GLU79ASP,3.64,1.7131422
3S9D_B_MET35VAL,2.37,1.0874064
1JTD_B_TRP231ALA,5.81,1.63366
1BP3_A_PHE25ALA,1.15,0.66979015
3BT1_U_LEU55ALA,1.11,-0.021319479
1GUA_B_LYS10ALA,-0.4,0.61456615
3BT1_U_THR8ALA,0.18,-0.26764816
3SE3_A_ASN230ALA,0.21,0.88636446
5CXB_B_ARG54ALA,0.56,1.2841094
1A22_A_THR164SER,1.69,0.6655456
1JTD_A_ASN74ALA,0.8,0.2551039
1C1Y_B_ARG5ALA,1.91,1.7984974
4BFI_B_PHE95ALA,2.08,0.036450446
1JTD_B_ASP132ALA,-0.55,0.09245197
1E50_A_VAL101ALA,-0.04,1.2178841
3BX1_C_TYR87ILE,1.78,0.98305666
2G2U_A_ASP79ALA,-1.54,-1.2799325
3QHY_B_SER129ALA,-0.08,-0.4057907
4NZW_A_LYS77ALA,0.08,0.10664147
1K8R_B_GLN11ALA,1.8,1.2422303
1C1Y_B_LYS11MET,0.71,0.82975775
3S9D_A_ARG26LYS,4.59,3.0911992
4G0N_B_GLN13ALA,2.21,1.6407322
3BT1_U_ASN155ALA,0.6,0.009447053
1A22_A_PHE25ALA,-0.39,-0.45288718
1K8R_A_ASP38GLU,3.44,1.8259127
3QHY_B_TRP112ALA,3.79,-0.39099336
3S9D_B_THR33ALA,1.73,1.1985906
4G0N_B_VAL16ALA,1.15,0.96208197
4RS1_A_ARG10ASP,0.18,0.85497266
5M2O_A_GLU80ALA,0.7,-0.26004004
4NZW_B_GLU49ALA,0.33,-0.37477747
3S9D_A_ARG15ALA,0.2,0.5491973
1GUA_A_GLU37ALA,1.3,2.126536
1JTD_B_PHE171ALA,2.2,-0.03485859
2KSO_A_LYS10ASP,0.33,1.0427628
4G0N_B_THR15ALA,1.8,1.1700978
4RS1_A_ASN89ALA,1.29,0.5392973
3S9D_A_HIS27ALA,0.54,0.61886454
5M2O_A_LYS73ALA,-0.76,0.6206182
1C1Y_B_LYS30ALA,1.31,1.8836306
3S9D_A_MET119ALA,2.25,1.2255226
1JTD_B_TYR35ALA,3.15,-0.3102068
1JTG_B_SER39ALA,0.02,-0.09612209
3QHY_B_ASP127ALA,0.38,-0.008786038
1JTD_A_LYS85ALA,2.14,1.6916691
3NCC_B_ALA188HIS,-1.78,-0.5907236
3S9D_B_MET35ALA,3,1.8681267
3Q3J_B_TYR100PHE,0.21,-0.40355033
1E50_B_VAL57ALA,0,0.92076826
1YCS_A_ARG177HIS,-0.12,0.007465452
4RS1_A_GLU25LYS,2.14,1.1335952
1JTG_B_ARG144ALA,0.65,0.25821722
3BT1_U_TYR57ALA,1.2,0.27388978
4RS1_A_ASN89ASP,0.3,0.34404308
1JTG_A_LYS86ALA,-0.86,0.14363798
5F4E_B_LYS139GLU,0.49,0.7212714
5K39_B_PHE142ALA,2.72,-0.5386591
4NZW_B_GLU124ALA,0.36,-0.9266671
4OFY_D_LEU42ALA,2.57,1.3317356
4G0N_B_LYS31GLU,5.06,2.6269517
1BP3_A_HIS21ALA,1.25,0.90675336
4RS1_A_GLU88ALA,0.48,0.17635038
5F4E_B_LYS139ALA,0.29,0.99568605
4RS1_A_ASP92ASN,1.43,0.91702455
3F1S_A_ASP200ALA,0.55,1.1624062
1JTD_A_GLU78ALA,0.84,0.932635
3BT1_U_PRO149ALA,0.6,-0.11432053
3QHY_B_ILE189ALA,3.07,-0.49770087
3QHY_B_TRP229ALA,5.43,0.81591105
1JTG_B_ASP49ALA,2.85,2.77172
5F4E_B_GLU26ALA,1.45,1.0889807
3SE3_A_ARG226ALA,0.41,0.67413414
4YFD_A_GLU259ALA,1.22,-0.259296
3QHY_B_ASN72ALA,1.61,0.47009903
1E50_B_ASN99ALA,1.41,2.0906758
1BP3_A_ILE175ALA,0.35,0.9229065
1LFD_B_VAL29ALA,0.48,0.45687914
5M2O_A_HIS117ALA,0.88,0.0075626858
4MYW_B_ILE48ALA,2.57,1.5663497
4G0N_A_ILE21ALA,0.87,0.8456788
1JTD_A_LEU76ALA,1.73,1.5217758
3BT1_U_ASP11ALA,-0.03,-0.17167772
3S9D_A_LEU23ALA,3.81,2.538765
4RS1_A_GLU88GLN,0.92,0.312302
3LB6_A_LYS101ALA,2.54,1.0977927
1LFD_B_ASP38ALA,3.75,1.964258
3SE3_A_THR166ALA,-0.16,1.4170624
1LFD_B_GLU37ALA,1.15,1.2257111
3S9D_A_ARG26ALA,5.12,3.0784845
3N0P_A_ALA17HIS,-0.06,0.3456666
3S9D_A_LEU19ALA,1.1,0.7428963
4FZA_B_GLU122ALA,0.43,-0.6608604
4HRN_D_LEU17ALA,2.6,1.3885747
3BT1_U_VAL123ALA,0.79,-0.124950096
3BT1_U_SER99ALA,0.3,-0.042723224
3BT1_U_GLU39ALA,0.16,-0.18331821
3S9D_A_ALA12TRP,-0.18,-0.98678327
3BT1_U_LEU61ALA,-0.13,-0.28617197
4RS1_A_GLU88LYS,0.34,0.36574098
2DVW_A_LYS114ALA,0.03,0.18969856
1JTG_B_GLU31ALA,0.82,0.21011476
1BP3_A_ILE175MET,-0.16,0.38156167
3QHY_B_TYR73ALA,0.8,-0.3869341
3BT1_U_LYS137ALA,0.62,0.8349441
1JTD_B_THR19ALA,0.3,-0.52445835
4HRN_D_PHE47ALA,2.46,1.4232448
3SE3_A_PHE223ALA,1.5,1.2181201
1BP3_A_GLU170ALA,1.83,1.0835091
3SE3_A_ASP117ALA,0.54,1.3297794
1BP3_A_HIS18ALA,1.55,0.5069318
4G0N_B_ASN11ALA,0.68,1.2501537
4RS1_B_LYS203ALA,0.28,-1.1076875
3BT1_U_THR27ALA,0.91,-0.12647767
4BFI_B_ASN43ASP,2.73,0.11938304
3BT1_U_HIS164ALA,1.03,-0.16523504
3BX1_C_ARG85GLY,0.36,1.2433512
3F1S_A_ASP255ALA,3.76,2.3627462
1JTD_B_ARG248ALA,0.89,0.27957806
3S9D_B_GLU39ARG,0.65,0.17978302
3S9D_A_ASP28ALA,0.3,0.3189244
4FZA_A_ARG217ALA,1.03,2.0582275
3NVN_B_ARG186SER,1.27,1.0165521
4G0N_A_ILE36ALA,1.74,1.0502822
2DVW_A_ARG39ALA,0.91,0.36008805
4WND_A_ARG201GLU,2.79,1.4223489
3BT1_U_LEU148ALA,1.66,-0.26082978
4WND_A_ASN263ARG,-0.02,1.2682978
1C1Y_B_GLN12ALA,1.58,1.5552987
3F1S_A_MET33ALA,1.24,0.35494533
4OFY_D_ARG96ALA,3.42,1.1638448
5F4E_B_TRP43ALA,1.07,0.09282434
3BT1_U_THR125ALA,1,0.5939118
2WPT_B_PHE79ALA,2.67,0.117180735
4YEB_B_PHE131ALA,2.42,-0.6193076
1LFD_A_ASN16ALA,0.49,0.8706004
4EKD_A_CYS147ARG,-0.06,0.33064845
3F1S_A_TYR202ALA,2.99,-0.0074737966
1JTG_A_GLU79ALA,2.3,1.0883355
1C1Y_B_ARG13ALA,1.45,1.4650831
1GUA_A_SER39ALA,1.4,0.91422
1C1Y_B_ASN10ALA,0.5,1.3427279
4RS1_A_ASP92ARG,3.13,1.0500909
3S9D_B_HIS84ALA,0.04,0.44390333
2KSO_A_ARG43GLU,-0.66,1.1418889
4G0N_B_ALA32LYS,-1.11,1.2982564
1BP3_A_THR171SER,0.49,0.8971685
3SF4_A_ASN264ARG,1.23,1.5096475
3SF4_D_TRP8ALA,3.07,0.83645236
1JTD_B_ASN266ALA,2.67,0.13695887
1BP3_A_ARG64ALA,0.35,1.417551
4BFI_B_PHE95ASP,2.73,0.04471606
3SF4_D_LYS27ASP,0.41,2.2717617
2AW2_B_PRO16ALA,2.57,1.3656967
4RS1_A_ASP28ALA,2.59,2.4791582
1JTD_A_VAL190ALA,0.04,0.45374507
1JTD_B_TRP15ALA,1.39,0.096905276
5F4E_A_ARG139ALA,1.49,0.22220498
5CYK_B_GLU52ARG,-2.68,-0.164649
1A22_A_PHE165TYR,1.27,-0.82322437
4G0N_A_ASP33ALA,0.88,1.2808917
1LFD_A_ASN14ALA,0.93,0.25958616
5M2O_B_VAL21ALA,2.44,1.0823967
5M2O_B_ILE17ALA,2.03,0.8399759
3F1S_A_LYS201ALA,-2.08,0.1150891
4YFD_B_TRP4ALA,1.13,0.23366916
3S9D_B_ALA67MET,-0.17,0.6239006
3S9D_A_ALA116MET,1.07,0.28472707
3BT1_U_ASP252ALA,0.06,0.49713078
1GUA_B_ARG4ALA,1,1.1735479
1JTG_B_GLU73ALA,0.43,-0.32676935
2C5D_C_VAL66ALA,-0.6,0.7165846
1E50_A_ASN11ALA,0.68,0.75122595
3S9D_A_SER18ALA,-0.1,0.5868028
1WQJ_I_ARG20ALA,0.68,0.5703368
3S9D_B_TRP87ALA,1.11,1.0468053
4YFD_B_LYS71ALA,1.47,1.6730127
1JTD_B_LEU53ALA,0.67,-0.123502105
3MZG_A_HIS160ALA,0.92,1.0788543
4RA0_C_ALA66VAL,0.93,0.6026839
3S9D_B_SER36ALA,0.5,0.16152878
4YFD_A_ARG169ALA,0.16,0.85984683
3SE3_A_SER167ALA,-0.24,0.49995607
4BFI_B_ASN93LYS,2.73,0.21227074
4RS1_A_ILE6GLY,0.86,1.4749297
1LFD_B_ARG41ALA,0.83,0.55554587
2REX_B_TYR97PHE,0,-0.20346676
4G0N_B_ARG14ALA,1.92,1.1758206
4RS1_A_ARG11ASP,0.19,0.11001855
4G0N_B_ASN11ASP,1.81,0.58448285
4RS1_A_LYS91ALA,-0.11,0.85949206
3QHY_B_TYR151ALA,3.42,-0.14132245
1JTG_A_GLU85VAL,-0.67,2.3319957
1C1Y_B_ASN10ASP,1.48,0.5503756
5CXB_B_THR52GLN,0.06,1.334549
5M2O_A_ASN120ALA,0.45,1.0163358
3S9D_B_LYS37ALA,0.5,1.0185088
1JTG_B_GLY141ALA,1.31,0.8786194
5CYK_B_GLU52ALA,-2.12,-0.17929788
5M2O_B_GLN61ALA,-0.16,1.8468895
3BT1_U_GLY10ALA,0.27,-0.7242697
4Y61_B_ARG86ALA,-0.19,0.4398132
1JTD_B_ASP93ALA,1.99,-0.4966743
3QHY_B_TYR168ALA,1.74,-0.50807905
5F4E_A_GLU50ALA,0.29,-0.3230285
5M2O_A_ASN71ALA,0.15,0.0578925
1JTD_A_MET103ALA,2.52,0.39912003
1C1Y_B_LYS11ALA,1.11,0.6234818
3NCB_A_ALA167HIS,-1.49,0.49860185
3S9D_A_ARG115ALA,2.15,2.324922
5M2O_B_LYS32ALA,1.06,0.39826804
1JTG_B_PHE142ALA,3,-0.19989958
3BT1_U_GLU132ALA,-0.16,-0.7434577
1JTG_A_GLU146LYS,-0.61,1.0221007
3QHY_B_ASN264ALA,2.69,0.25080135
3BT1_U_GLU133ALA,-0.15,-0.44031435
4HRN_D_SER43ALA,0.8,0.22080164
4RS1_A_GLN79GLU,1.21,0.53829473
3BT1_U_ALA253SER,0.2,0.22312893
4RS1_A_PHE99ALA,3.62,0.6567392
3S9D_A_ALA116GLY,2.1,0.68270063
3SE3_A_PHE81ALA,0.41,1.0021174
2REX_A_LEU70TYR,0.56,-0.6937669
1JTG_A_ARG214TYR,-0.14,-0.002253428
1K8R_A_ASP38ASN,1.9,1.1723435
3S9D_B_ASP121ARG,-0.08,1.4123393
5CXB_B_ARG54GLU,2.68,1.0617708
3U82_B_ILE45ALA,2.6,1.4071321
4G0N_B_VAL35ILE,0.55,0.68188184
3BT1_U_THR54ALA,0.39,0.020543432
1E50_A_THR103ALA,2.18,0.988039
5UFE_B_GLN25ARG,0.29,0.22289366
3LB6_A_ILE10ALA,3.72,0.7056009
4BFI_B_LEU29LYS,2.08,1.6522238
1JTD_B_ASN12ALA,1.3,-0.17969115
3BT1_U_ASN9ALA,0.31,-0.49215433
1E50_A_ASP8ALA,-0.32,0.8550302
3N4I_A_GLU79ASP,4.38,0.41034508
4G0N_B_ASN18ARG,-0.7,0.9484173
1E50_A_SER56ALA,0.98,0.5737523
1JTG_B_SER35ALA,0,-0.34638414
4OFY_A_GLN85ALA,1.73,1.99217
1JTD_B_TRP114ALA,3.25,-0.1359051
1JTD_B_ILE191ALA,2.89,0.07546549
4HRN_D_VAL44ALA,2.81,0.49453002
1E50_A_MET48ALA,1.32,0.2046695
3S9D_A_ASN127ALA,-0.04,-0.36392483
1BP3_A_ARG174ALA,1.15,2.0049481
2DVW_A_GLU180ALA,0.44,-0.16488409
4G0N_B_ARG6ALA,2.14,1.0914568
3BT1_U_ASP139ALA,1.05,0.27242345
4FZA_A_PHE168GLU,0.54,1.6600935
3S9D_B_HIS166ALA,0,0.5055844
3S9D_A_LEU8ALA,1.54,0.6921236
3KUD_B_ASN16ARG,-0.8,0.55403453
1K8R_B_LYS31ALA,2.73,0.23951629
1BP3_A_SER184ALA,-0.3,0.08328891
1JTG_A_GLU85GLY,-0.91,2.21703
1JTD_A_MET244ALA,0.28,0.68954813
1K8R_A_SER39ALA,0.71,1.2143184
4OFY_A_MET36ALA,0.08,1.0375581
3QHY_B_ASP130ALA,0.96,0.36513838
4RS1_A_LYS91GLN,0.27,0.3966754
3BX1_C_THR89ALA,0.17,1.214777
4OFY_D_GLN86ALA,4.64,2.4630518
1E50_B_ASN62ALA,0.96,1.4680963
3BT1_U_LEU66ALA,1.38,-0.2164886
1E50_A_THR91ALA,1.28,1.7180518
3MZG_A_HIS17ALA,0.06,0.7980617
1BP3_A_GLN68ALA,0.11,1.1966809
4RS1_A_LYS91GLU,0.13,0.05698933
1JTG_B_GLY48ALA,1.15,0.5454494
1JTG_A_PRO82GLN,0.46,0.9504535
1C1Y_B_LYS11GLU,0.89,0.19820762
1JTD_B_TYR210ALA,0.82,-0.71438205
3BT1_U_LYS62ALA,0.42,-0.44983327
3SE3_A_TYR55ALA,1.5,0.7535405
4RS1_A_GLU25ALA,1.5,0.79694617
3QHY_B_ARG246ALA,0.53,0.3446207
3BT1_U_GLU33ALA,0.38,-0.18892369
4OFY_A_ASP38ALA,0.55,0.5832687
3BT1_U_LEU38ALA,0.52,-0.8214389
1LFD_A_TYR18PHE,1.32,0.7563368
4G0N_B_LYS12ALA,1.83,0.80442727
5F4E_A_GLU50LYS,0.42,-0.13818017
4RS1_A_ASP92ALA,1.93,0.91583806
1LFD_A_TYR18ALA,3.46,1.441965
4RS1_B_LEU204ALA,0.07,0.04379897
1LFD_B_GLN25ALA,0.9,0.29365486
3BT1_U_THR59ALA,0.55,0.067425
4OFY_D_GLN34ALA,2.87,1.2460399
5M2O_B_GLN25ALA,1.14,1.5212408
1GUA_B_GLN11ALA,0.1,1.5014906
4G0N_A_GLU31ALA,0.94,-0.056189634
3RF3_C_ALA8LYS,1.73,0.5877462
3SF4_A_ARG202GLU,2.36,1.6791886
1BP3_A_PHE172ALA,1.93,0.85853595
3BT1_U_THR67ALA,0.19,0.20871755
1JTG_B_GLU73MET,0.5,-0.63987404
4L0P_A_THR76GLN,1.47,2.4423265
4G0N_A_ASP38ALA,2.86,1.9944797
3BT1_U_VAL29ALA,0.72,0.13554338
5TAR_B_GLN114ALA,0.16,0.51598275
1BP3_A_TYR160ALA,0.45,0.26792443
1JTD_B_PHE192ALA,3.96,0.1900205
4G0N_A_HIS27ALA,-0.29,0.30753654
3BT1_U_PRO136ALA,0.34,-0.20277975
3MZG_A_HIS14ALA,-0.02,0.3870478
3BT1_U_LEU166ALA,0.75,0.2682721
3MZG_A_HIS167ALA,1.49,1.1051656
1JTD_B_ASP129ALA,0.96,-0.10542266
3BT1_U_LEU142ALA,0.72,-0.4372563
1BP3_A_GLU65ALA,0.55,0.20565173
1E50_A_TYR55ALA,0.91,1.1171118
5TAR_B_TRP88ALA,0.38,0.981422
3S9D_B_HIS65ALA,0.82,0.9834385
1BP3_A_ASN63ALA,0.86,0.64590913
1JTD_A_GLN73ALA,0.52,0.45477712
3SE3_A_LEU116ALA,0,1.4873495
1BP3_A_LYS164ALA,1.73,0.9210871
3S9D_A_ARG120ALA,3.02,1.8311613
1E50_A_ASN51ALA,1.92,2.114039
3BT1_U_GLU42ALA,-0.2,-0.558679
3WWN_A_ARG224GLU,1.29,0.48926073
3SE3_A_SER120ALA,0.54,1.4331785
5F4E_B_LEU62ALA,2.98,1.21545
3S9D_B_ILE90ALA,1.62,0.76162225
1LFD_A_SER20ALA,0.93,1.3790483
1JTD_B_ASP14ALA,1.51,0.5011609
1JTG_A_LYS86ASN,0.18,0.1350072
1JTD_B_GLU230ALA,1.85,0.12105178
4G0N_B_LYS31ALA,2.58,2.4487412
1JTD_B_TYR75ALA,0.48,-0.44897515
1JTG_A_LEU77ALA,0.87,1.8361709
3SE3_A_ASN140THR,0.13,0.12615894
3BT1_U_VAL124ALA,0.75,0.20963259
3BT1_U_PHE165ALA,0.13,-0.46364284
3WWN_A_ARG221GLU,-0.34,0.64518803
1GUA_B_ASN9ALA,-0.4,1.3170158
5M2O_B_SER18ALA,0.05,0.95670944
3S9D_A_ARG26GLN,6.08,3.2563665
5M2O_A_LEU75ALA,1.63,-0.18430996
1K8R_B_ARG77ALA,1.44,1.5180466
2AW2_B_TYR22ALA,1.88,1.065867
1JTD_A_TYR79ALA,2.25,0.92673254
3QHY_B_PHE34ALA,3.98,-0.1067293
4O27_B_GLU42ALA,0.37,0.060863037
3QHY_B_ASP91ALA,1.89,0.34381762
3BT1_U_ASP138ALA,1.3,0.29835227
3BX1_C_ALA86THR,1.84,0.8775113
3QHY_B_ASP166ALA,3.5,-0.014648255
4BFI_B_LYS99GLU,2.32,-0.11165379
5K39_B_MET112ALA,-0.23,-1.2608333
3QHY_B_GLU228ALA,3.01,0.44466466
1FC2_C_ASN24PHE,0.85,0.12926548
1FC2_C_ASN2GLN,0,-0.27372964
1FC2_C_ASN2PHE,-0.11,0.6237293
1FC2_C_ASN7PHE,0.09,0.39926276
1FC2_C_GLN28LEU,0.46,1.21927452
1FC2_C_GLN28LYS,0.17,1.06932819
1FC2_C_PHE1MET,0.91,0.0858369
1FC2_C_TYR10PHE,1.03,0.71726391
1LFD_A_ILE5ALA,1.41,0.95937261
1LFD_B_TYR40ALA,3.55,2.8796251
3BT1_U_LEU40ALA,0.87,1.45736151
3BT1_U_VAL41ALA,0.49,0.64762578
3S9D_A_ARG5ALA,0.62,1.10372826
3S9D_B_GLU66ALA,2.41,2.17658397
3S9D_B_ILE34ALA,1.85,2.1170971
3S9D_B_VAL69ALA,2.32,1.98926151
